year,total_stock
2017,48621.749117126594
2018,75019.30328789531
2019,123014.81148848397
2020,278751.52617899165
2021,557305.6903940423
2022,908397.4976798749
2023,1259786.7138932513
2024,1477490.9518822255
