year,total_stock
2017,5197.250882873408
2018,8105.696712104687
2019,13530.188511516018
2020,29993.47382100836
2021,60539.309605957686
2022,103598.50232012516
2023,147437.2861067488
2024,172233.04811777448
