year,total_stock
2017,46884.169361852
2018,72404.61217932601
2019,118129.794964498
2020,267701.181609176
2021,541450.5281704699
2022,883285.568608468
2023,1218568.567351067
2024,1435646.8818253828
